url,code
https://img3.idealista.com/blur/WEB_DETAIL-L-L/0/id.pro.es.image.master/3a/65/a9/851277052.jpg,92108754
https://img3.idealista.com/blur/WEB_DETAIL-L-L/0/id.pro.es.image.master/42/2c/0d/851277070.jpg,92108754
https://img3.idealista.com/blur/WEB_DETAIL-L-L/0/id.pro.es.image.master/1c/f3/cc/851277081.jpg,92108754
https://img3.idealista.com/blur/WEB_DETAIL-L-L/0/id.pro.es.image.master/8c/b5/5f/851277082.jpg,92108754
https://img3.idealista.com/blur/WEB_DETAIL-L-L/0/id.pro.es.image.master/c7/cd/b8/851277086.jpg,92108754
https://img3.idealista.com/blur/WEB_DETAIL-L-L/0/id.pro.es.image.master/80/59/3e/851277090.jpg,92108754
https://img3.idealista.com/blur/WEB_DETAIL-L-L/0/id.pro.es.image.master/62/20/82/851277085.jpg,92108754
https://img3.idealista.com/blur/WEB_DETAIL-L-L/0/id.pro.es.image.master/75/c0/1d/851277084.jpg,92108754
https://img3.idealista.com/blur/WEB_DETAIL-L-L/0/id.pro.es.image.master/05/21/55/851277071.jpg,92108754
https://img3.idealista.com/blur/WEB_DETAIL-L-L/0/id.pro.es.image.master/ec/3a/78/851277098.jpg,92108754
https://img3.idealista.com/blur/WEB_DETAIL-L-L/0/id.pro.es.image.master/f7/15/6c/851277107.jpg,92108754
https://img3.idealista.com/blur/WEB_DETAIL-L-L/0/id.pro.es.image.master/14/44/e9/851277089.jpg,92108754
https://img3.idealista.com/blur/WEB_DETAIL-L-L/0/id.pro.es.image.master/fa/d0/38/851277103.jpg,92108754
https://img3.idealista.com/blur/WEB_DETAIL-L-L/0/id.pro.es.image.master/79/e5/6f/851277101.jpg,92108754
https://img3.idealista.com/blur/WEB_DETAIL-L-L/0/id.pro.es.image.master/bf/74/c2/851277100.jpg,92108754
https://img3.idealista.com/blur/WEB_DETAIL-L-L/0/id.pro.es.image.master/05/c3/25/851277102.jpg,92108754
https://img3.idealista.com/blur/WEB_DETAIL-L-L/0/id.pro.es.image.master/9f/2c/85/851277093.jpg,92108754
https://img3.idealista.com/blur/WEB_DETAIL-L-L/0/id.pro.es.image.master/47/f9/cd/851277072.jpg,92108754
https://img3.idealista.com/blur/WEB_DETAIL-L-L/0/id.pro.es.image.master/89/f2/da/851277055.jpg,92108754
https://img3.idealista.com/blur/WEB_DETAIL-L-L/0/id.pro.es.image.master/69/a5/49/851277053.jpg,92108754
https://img3.idealista.com/blur/WEB_DETAIL-L-L/0/id.pro.es.image.master/6c/6a/8f/851277095.jpg,92108754
https://img3.idealista.com/blur/WEB_DETAIL-L-L/0/id.pro.es.image.master/31/74/f8/851277097.jpg,92108754
https://img3.idealista.com/blur/WEB_DETAIL-L-L/0/id.pro.es.image.master/76/35/69/851277088.jpg,92108754
https://img3.idealista.com/blur/WEB_DETAIL-L-L/0/id.pro.es.image.master/82/3d/08/851277094.jpg,92108754
https://img3.idealista.com/blur/WEB_DETAIL-L-L/0/id.pro.es.image.master/7d/ef/58/851277116.jpg,92108754
https://img3.idealista.com/blur/WEB_DETAIL-L-L/0/id.pro.es.image.master/2c/01/d4/851277106.jpg,92108754
https://img3.idealista.com/blur/WEB_DETAIL-L-L/0/id.pro.es.image.master/97/50/c3/851277096.jpg,92108754
https://img3.idealista.com/blur/WEB_DETAIL-L-L/0/id.pro.es.image.master/ca/f8/1b/851277073.jpg,92108754
https://img3.idealista.com/blur/WEB_DETAIL-L-L/0/id.pro.es.image.master/f2/74/db/851277087.jpg,92108754
https://img3.idealista.com/blur/WEB_DETAIL-L-L/0/id.pro.es.image.master/63/06/da/851277105.jpg,92108754
https://img3.idealista.com/blur/WEB_DETAIL-L-L/0/id.pro.es.image.master/f2/55/75/851277104.jpg,92108754
https://img3.idealista.com/blur/WEB_DETAIL-L-L/0/id.pro.es.image.master/c1/22/f4/851277099.jpg,92108754
https://img3.idealista.com/blur/WEB_DETAIL-L-L/0/id.pro.es.image.master/97/cc/fd/851277091.jpg,92108754
https://img3.idealista.com/blur/WEB_DETAIL-L-L/0/id.pro.es.image.master/b9/c6/a9/851277054.jpg,92108754
https://img3.idealista.com/blur/WEB_DETAIL-L-L/0/id.pro.es.image.master/3a/65/a9/851277052.jpg,92108754
https://img3.idealista.com/blur/WEB_DETAIL-L-L/0/id.pro.es.image.master/42/2c/0d/851277070.jpg,92108754
https://img3.idealista.com/blur/WEB_DETAIL-L-L/0/id.pro.es.image.master/1c/f3/cc/851277081.jpg,92108754
https://img3.idealista.com/blur/WEB_DETAIL-L-L/0/id.pro.es.image.master/8c/b5/5f/851277082.jpg,92108754
https://img3.idealista.com/blur/WEB_DETAIL-L-L/0/id.pro.es.image.master/c7/cd/b8/851277086.jpg,92108754
https://img3.idealista.com/blur/WEB_DETAIL-L-L/0/id.pro.es.image.master/80/59/3e/851277090.jpg,92108754
https://img3.idealista.com/blur/WEB_DETAIL-L-L/0/id.pro.es.image.master/62/20/82/851277085.jpg,92108754
https://img3.idealista.com/blur/WEB_DETAIL-L-L/0/id.pro.es.image.master/75/c0/1d/851277084.jpg,92108754
https://img3.idealista.com/blur/WEB_DETAIL-L-L/0/id.pro.es.image.master/05/21/55/851277071.jpg,92108754
https://img3.idealista.com/blur/WEB_DETAIL-L-L/0/id.pro.es.image.master/ec/3a/78/851277098.jpg,92108754
https://img3.idealista.com/blur/WEB_DETAIL-L-L/0/id.pro.es.image.master/f7/15/6c/851277107.jpg,92108754
https://img3.idealista.com/blur/WEB_DETAIL-L-L/0/id.pro.es.image.master/14/44/e9/851277089.jpg,92108754
https://img3.idealista.com/blur/WEB_DETAIL-L-L/0/id.pro.es.image.master/fa/d0/38/851277103.jpg,92108754
https://img3.idealista.com/blur/WEB_DETAIL-L-L/0/id.pro.es.image.master/79/e5/6f/851277101.jpg,92108754
https://img3.idealista.com/blur/WEB_DETAIL-L-L/0/id.pro.es.image.master/bf/74/c2/851277100.jpg,92108754
https://img3.idealista.com/blur/WEB_DETAIL-L-L/0/id.pro.es.image.master/05/c3/25/851277102.jpg,92108754
https://img3.idealista.com/blur/WEB_DETAIL-L-L/0/id.pro.es.image.master/9f/2c/85/851277093.jpg,92108754
https://img3.idealista.com/blur/WEB_DETAIL-L-L/0/id.pro.es.image.master/47/f9/cd/851277072.jpg,92108754
https://img3.idealista.com/blur/WEB_DETAIL-L-L/0/id.pro.es.image.master/89/f2/da/851277055.jpg,92108754
https://img3.idealista.com/blur/WEB_DETAIL-L-L/0/id.pro.es.image.master/69/a5/49/851277053.jpg,92108754
https://img3.idealista.com/blur/WEB_DETAIL-L-L/0/id.pro.es.image.master/6c/6a/8f/851277095.jpg,92108754
https://img3.idealista.com/blur/WEB_DETAIL-L-L/0/id.pro.es.image.master/31/74/f8/851277097.jpg,92108754
https://img3.idealista.com/blur/WEB_DETAIL-L-L/0/id.pro.es.image.master/76/35/69/851277088.jpg,92108754
https://img3.idealista.com/blur/WEB_DETAIL-L-L/0/id.pro.es.image.master/82/3d/08/851277094.jpg,92108754
https://img3.idealista.com/blur/WEB_DETAIL-L-L/0/id.pro.es.image.master/7d/ef/58/851277116.jpg,92108754
https://img3.idealista.com/blur/WEB_DETAIL-L-L/0/id.pro.es.image.master/2c/01/d4/851277106.jpg,92108754
https://img3.idealista.com/blur/WEB_DETAIL-L-L/0/id.pro.es.image.master/97/50/c3/851277096.jpg,92108754
https://img3.idealista.com/blur/WEB_DETAIL-L-L/0/id.pro.es.image.master/ca/f8/1b/851277073.jpg,92108754
https://img3.idealista.com/blur/WEB_DETAIL-L-L/0/id.pro.es.image.master/f2/74/db/851277087.jpg,92108754
https://img3.idealista.com/blur/WEB_DETAIL-L-L/0/id.pro.es.image.master/63/06/da/851277105.jpg,92108754
https://img3.idealista.com/blur/WEB_DETAIL-L-L/0/id.pro.es.image.master/f2/55/75/851277104.jpg,92108754
https://img3.idealista.com/blur/WEB_DETAIL-L-L/0/id.pro.es.image.master/c1/22/f4/851277099.jpg,92108754
https://img3.idealista.com/blur/WEB_DETAIL-L-L/0/id.pro.es.image.master/97/cc/fd/851277091.jpg,92108754
https://img3.idealista.com/blur/WEB_DETAIL-L-L/0/id.pro.es.image.master/b9/c6/a9/851277054.jpg,92108754
https://img3.idealista.com/blur/WEB_DETAIL-L-L/0/id.pro.es.image.master/50/ea/f4/856188844.jpg,93175170
https://img3.idealista.com/blur/WEB_DETAIL-L-L/0/id.pro.es.image.master/2e/45/ee/856188858.jpg,93175170
https://img3.idealista.com/blur/WEB_DETAIL-L-L/0/id.pro.es.image.master/65/7e/33/856188840.jpg,93175170
https://img3.idealista.com/blur/WEB_DETAIL-L-L/0/id.pro.es.image.master/59/e3/55/856188845.jpg,93175170
https://img3.idealista.com/blur/WEB_DETAIL-L-L/0/id.pro.es.image.master/8d/af/22/856188854.jpg,93175170
https://img3.idealista.com/blur/WEB_DETAIL-L-L/0/id.pro.es.image.master/ef/c3/49/856188841.jpg,93175170
https://img3.idealista.com/blur/WEB_DETAIL-L-L/0/id.pro.es.image.master/ee/ef/06/856188857.jpg,93175170
https://img3.idealista.com/blur/WEB_DETAIL-L-L/0/id.pro.es.image.master/b8/8a/b6/856188842.jpg,93175170
https://img3.idealista.com/blur/WEB_DETAIL-L-L/0/id.pro.es.image.master/e3/fa/ce/856188870.jpg,93175170
https://img3.idealista.com/blur/WEB_DETAIL-L-L/0/id.pro.es.image.master/59/33/a9/856188856.jpg,93175170
https://img3.idealista.com/blur/WEB_DETAIL-L-L/0/id.pro.es.image.master/9c/31/2c/856188826.jpg,93175170
https://img3.idealista.com/blur/WEB_DETAIL-L-L/0/id.pro.es.image.master/a1/91/cb/856188859.jpg,93175170
https://img3.idealista.com/blur/WEB_DETAIL-L-L/0/id.pro.es.image.master/94/b6/d6/856188855.jpg,93175170
https://img3.idealista.com/blur/WEB_DETAIL-L-L/0/id.pro.es.image.master/fc/5f/a1/856188867.jpg,93175170
https://img3.idealista.com/blur/WEB_DETAIL-L-L/0/id.pro.es.image.master/d9/21/b5/856188869.jpg,93175170
https://img3.idealista.com/blur/WEB_DETAIL-L-L/0/id.pro.es.image.master/c6/b2/32/856188862.jpg,93175170
https://img3.idealista.com/blur/WEB_DETAIL-L-L/0/id.pro.es.image.master/89/ea/fe/856188860.jpg,93175170
https://img3.idealista.com/blur/WEB_DETAIL-L-L/0/id.pro.es.image.master/83/74/b9/856188846.jpg,93175170
https://img3.idealista.com/blur/WEB_DETAIL-L-L/0/id.pro.es.image.master/20/9f/c0/856188861.jpg,93175170
https://img3.idealista.com/blur/WEB_DETAIL-L-L/0/id.pro.es.image.master/2b/2d/71/856188843.jpg,93175170
https://img3.idealista.com/blur/WEB_DETAIL-L-L/0/id.pro.es.image.master/d1/6b/a2/856188871.jpg,93175170
https://img3.idealista.com/blur/WEB_DETAIL-L-L/0/id.pro.es.image.master/75/03/91/856188868.jpg,93175170
https://img3.idealista.com/blur/WEB_DETAIL-L-P/0/id.pro.es.image.master/6e/fa/b3/859956066.jpg,93175170
https://img3.idealista.com/blur/WEB_DETAIL-L-L/0/id.pro.es.image.master/a6/df/3f/856188863.jpg,93175170
https://img3.idealista.com/blur/WEB_DETAIL-L-L/0/id.pro.es.image.master/e0/c7/19/856188853.jpg,93175170
https://img3.idealista.com/blur/WEB_DETAIL-L-L/0/id.pro.es.image.master/c3/28/b0/856188877.jpg,93175170
https://img3.idealista.com/blur/WEB_DETAIL-L-L/0/id.pro.es.image.master/0b/c7/5c/855282112.jpg,93133635
https://img3.idealista.com/blur/WEB_DETAIL-L-L/0/id.pro.es.image.master/86/ea/0e/855282113.jpg,93133635
https://img3.idealista.com/blur/WEB_DETAIL-L-L/0/id.pro.es.image.master/e2/a5/a5/855282114.jpg,93133635
https://img3.idealista.com/blur/WEB_DETAIL-L-L/0/id.pro.es.image.master/b0/aa/a5/855282115.jpg,93133635
https://img3.idealista.com/blur/WEB_DETAIL-L-L/0/id.pro.es.image.master/6b/a3/54/855282116.jpg,93133635
https://img3.idealista.com/blur/WEB_DETAIL-L-L/0/id.pro.es.image.master/0c/b5/89/855282127.jpg,93133635
https://img3.idealista.com/blur/WEB_DETAIL-L-L/0/id.pro.es.image.master/2e/d6/12/855282128.jpg,93133635
https://img3.idealista.com/blur/WEB_DETAIL-L-L/0/id.pro.es.image.master/48/a4/07/855282129.jpg,93133635
https://img3.idealista.com/blur/WEB_DETAIL-L-L/0/id.pro.es.image.master/0d/a6/d8/855282130.jpg,93133635
https://img3.idealista.com/blur/WEB_DETAIL-L-L/0/id.pro.es.image.master/84/b9/0e/855282131.jpg,93133635
https://img3.idealista.com/blur/WEB_DETAIL-L-L/0/id.pro.es.image.master/4a/04/70/855282132.jpg,93133635
https://img3.idealista.com/blur/WEB_DETAIL-L-L/0/id.pro.es.image.master/68/97/f5/855282133.jpg,93133635
https://img3.idealista.com/blur/WEB_DETAIL-L-L/0/id.pro.es.image.master/64/6d/31/855282134.jpg,93133635
https://img3.idealista.com/blur/WEB_DETAIL-L-L/0/id.pro.es.image.master/21/23/3b/855282135.jpg,93133635
https://img3.idealista.com/blur/WEB_DETAIL-L-L/0/id.pro.es.image.master/c7/26/ba/855282136.jpg,93133635
https://img3.idealista.com/blur/WEB_DETAIL-L-L/0/id.pro.es.image.master/47/1b/60/855282137.jpg,93133635
https://img3.idealista.com/blur/WEB_DETAIL-L-L/0/id.pro.es.image.master/88/81/4f/855282138.jpg,93133635
https://img3.idealista.com/blur/WEB_DETAIL-L-L/0/id.pro.es.image.master/f0/37/67/855282140.jpg,93133635
https://img3.idealista.com/blur/WEB_DETAIL-L-L/0/id.pro.es.image.master/49/a4/03/855282141.jpg,93133635
https://img3.idealista.com/blur/WEB_DETAIL-L-L/0/id.pro.es.image.master/62/c5/5b/855282142.jpg,93133635
https://img3.idealista.com/blur/WEB_DETAIL-L-L/0/id.pro.es.image.master/a3/6a/e5/855282144.jpg,93133635
https://img3.idealista.com/blur/WEB_DETAIL-L-L/0/id.pro.es.image.master/74/8f/26/855282145.jpg,93133635
https://img3.idealista.com/blur/WEB_DETAIL-L-L/0/id.pro.es.image.master/f9/aa/20/855282146.jpg,93133635
https://img3.idealista.com/blur/WEB_DETAIL-L-L/0/id.pro.es.image.master/cb/b5/e8/855282147.jpg,93133635
https://img3.idealista.com/blur/WEB_DETAIL-L-L/0/id.pro.es.image.master/1a/84/38/855282149.jpg,93133635
https://img3.idealista.com/blur/WEB_DETAIL-L-L/0/id.pro.es.image.master/63/79/9f/855282150.jpg,93133635
https://img3.idealista.com/blur/WEB_DETAIL-L-L/0/id.pro.es.image.master/98/b2/70/855282151.jpg,93133635
https://img3.idealista.com/blur/WEB_DETAIL-L-L/0/id.pro.es.image.master/88/b2/59/855282152.jpg,93133635
https://img3.idealista.com/blur/WEB_DETAIL-L-L/0/id.pro.es.image.master/5b/61/af/829802730.jpg,92058112
https://img3.idealista.com/blur/WEB_DETAIL-L-L/0/id.pro.es.image.master/31/74/3b/829802731.jpg,92058112
https://img3.idealista.com/blur/WEB_DETAIL-L-L/0/id.pro.es.image.master/1d/5c/9a/829802732.jpg,92058112
https://img3.idealista.com/blur/WEB_DETAIL-L-L/0/id.pro.es.image.master/3c/82/cb/829802733.jpg,92058112
https://img3.idealista.com/blur/WEB_DETAIL-L-L/0/id.pro.es.image.master/f0/31/d6/829802734.jpg,92058112
https://img3.idealista.com/blur/WEB_DETAIL-L-L/0/id.pro.es.image.master/6d/9c/2c/829802735.jpg,92058112
https://img3.idealista.com/blur/WEB_DETAIL-L-L/0/id.pro.es.image.master/25/15/f4/829802737.jpg,92058112
https://img3.idealista.com/blur/WEB_DETAIL-L-L/0/id.pro.es.image.master/c3/4b/70/842916071.jpg,92058112
https://img3.idealista.com/blur/WEB_DETAIL-L-L/0/id.pro.es.image.master/ef/71/4e/829802738.jpg,92058112
https://img3.idealista.com/blur/WEB_DETAIL-L-L/0/id.pro.es.image.master/42/3b/2c/829802739.jpg,92058112
https://img3.idealista.com/blur/WEB_DETAIL-L-L/0/id.pro.es.image.master/d1/c3/cc/829802740.jpg,92058112
https://img3.idealista.com/blur/WEB_DETAIL-L-L/0/id.pro.es.image.master/e9/48/dc/845050762.jpg,92658995
https://img3.idealista.com/blur/WEB_DETAIL-L-L/0/id.pro.es.image.master/b1/14/7f/845050763.jpg,92658995
https://img3.idealista.com/blur/WEB_DETAIL-L-L/0/id.pro.es.image.master/56/b0/8f/845050764.jpg,92658995
https://img3.idealista.com/blur/WEB_DETAIL-L-L/0/id.pro.es.image.master/83/97/1a/845050765.jpg,92658995
https://img3.idealista.com/blur/WEB_DETAIL-L-L/0/id.pro.es.image.master/22/24/a5/845050776.jpg,92658995
https://img3.idealista.com/blur/WEB_DETAIL-L-L/0/id.pro.es.image.master/ac/35/89/845050777.jpg,92658995
https://img3.idealista.com/blur/WEB_DETAIL-L-L/0/id.pro.es.image.master/bb/77/b7/845050778.jpg,92658995
https://img3.idealista.com/blur/WEB_DETAIL-L-L/0/id.pro.es.image.master/cc/94/72/834529355.jpg,92218793
https://img3.idealista.com/blur/WEB_DETAIL-L-L/0/id.pro.es.image.master/b2/75/d0/834529379.jpg,92218793
https://img3.idealista.com/blur/WEB_DETAIL-L-P/90/id.pro.es.image.master/d8/58/22/834529388.jpg,92218793
https://img3.idealista.com/blur/WEB_DETAIL-L-L/0/id.pro.es.image.master/5f/97/d4/834529397.jpg,92218793
https://img3.idealista.com/blur/WEB_DETAIL-L-L/0/id.pro.es.image.master/af/f2/f8/834529389.jpg,92218793
https://img3.idealista.com/blur/WEB_DETAIL-L-L/0/id.pro.es.image.master/38/4b/6f/834529390.jpg,92218793
https://img3.idealista.com/blur/WEB_DETAIL-L-P/90/id.pro.es.image.master/ba/f1/04/834529392.jpg,92218793
https://img3.idealista.com/blur/WEB_DETAIL-L-L/0/id.pro.es.image.master/35/df/21/834529393.jpg,92218793
https://img3.idealista.com/blur/WEB_DETAIL-L-P/90/id.pro.es.image.master/c0/11/bb/834529398.jpg,92218793
https://img3.idealista.com/blur/WEB_DETAIL-L-P/90/id.pro.es.image.master/ca/6d/64/834529394.jpg,92218793
https://img3.idealista.com/blur/WEB_DETAIL-L-L/0/id.pro.es.image.master/4f/9c/e5/834529399.jpg,92218793
https://img3.idealista.com/blur/WEB_DETAIL-L-L/0/id.pro.es.image.master/c6/d9/11/862790028.jpg,93441860
https://img3.idealista.com/blur/WEB_DETAIL-L-L/0/id.pro.es.image.master/98/3f/1c/862790175.jpg,93441860
https://img3.idealista.com/blur/WEB_DETAIL-L-L/0/id.pro.es.image.master/d0/38/c7/862790257.jpg,93441860
https://img3.idealista.com/blur/WEB_DETAIL-L-L/0/id.pro.es.image.master/4a/a4/a3/862790386.jpg,93441860
https://img3.idealista.com/blur/WEB_DETAIL-L-L/0/id.pro.es.image.master/3d/4c/ca/862790885.jpg,93441860
https://img3.idealista.com/blur/WEB_DETAIL-L-L/0/id.pro.es.image.master/b8/cf/79/862791053.jpg,93441860
https://img3.idealista.com/blur/WEB_DETAIL-L-L/0/id.pro.es.image.master/25/d8/8b/862791150.jpg,93441860
https://img3.idealista.com/blur/WEB_DETAIL-L-L/0/id.pro.es.image.master/23/4c/e6/862791273.jpg,93441860
https://img3.idealista.com/blur/WEB_DETAIL-L-L/0/id.pro.es.image.master/b7/d7/21/862791321.jpg,93441860
https://img3.idealista.com/blur/WEB_DETAIL-L-L/0/id.pro.es.image.master/46/37/43/862791379.jpg,93441860
https://img3.idealista.com/blur/WEB_DETAIL-L-L/0/id.pro.es.image.master/f4/44/f9/862791599.jpg,93441860
https://img3.idealista.com/blur/WEB_DETAIL-L-P/0/id.pro.es.image.master/fa/43/70/831098731.jpg,92105952
https://img3.idealista.com/blur/WEB_DETAIL-L-L/0/id.pro.es.image.master/12/5b/55/831098807.jpg,92105952
https://img3.idealista.com/blur/WEB_DETAIL-L-L/0/id.pro.es.image.master/aa/23/d0/831098799.jpg,92105952
https://img3.idealista.com/blur/WEB_DETAIL-L-L/0/id.pro.es.image.master/56/e2/e5/831098812.jpg,92105952
https://img3.idealista.com/blur/WEB_DETAIL-L-L/0/id.pro.es.image.master/95/36/c7/831098813.jpg,92105952
https://img3.idealista.com/blur/WEB_DETAIL-L-L/0/id.pro.es.image.master/52/70/d5/831098816.jpg,92105952
https://img3.idealista.com/blur/WEB_DETAIL-L-L/0/id.pro.es.image.master/d0/00/51/831098833.jpg,92105952
https://img3.idealista.com/blur/WEB_DETAIL-L-L/0/id.pro.es.image.master/6b/6b/70/831098834.jpg,92105952
https://img3.idealista.com/blur/WEB_DETAIL-L-L/0/id.pro.es.image.master/c2/b5/e5/831098835.jpg,92105952
https://img3.idealista.com/blur/WEB_DETAIL-L-L/0/id.pro.es.image.master/42/95/ac/831098848.jpg,92105952
https://img3.idealista.com/blur/WEB_DETAIL-L-L/0/id.pro.es.image.master/3a/9c/59/831098849.jpg,92105952
https://img3.idealista.com/blur/WEB_DETAIL-L-L/0/id.pro.es.image.master/3c/c0/fb/831098853.jpg,92105952
https://img3.idealista.com/blur/WEB_DETAIL-L-P/0/id.pro.es.image.master/cb/df/07/831098854.jpg,92105952
https://img3.idealista.com/blur/WEB_DETAIL-L-P/0/id.pro.es.image.master/67/61/6f/831098825.jpg,92105952
https://img3.idealista.com/blur/WEB_DETAIL-L-P/0/id.pro.es.image.master/13/ed/10/831098916.jpg,92105952
https://img3.idealista.com/blur/WEB_DETAIL-L-P/0/id.pro.es.image.master/5f/20/b6/831098921.jpg,92105952
https://img3.idealista.com/blur/WEB_DETAIL-L-P/0/id.pro.es.image.master/a2/a3/e7/831098927.jpg,92105952
https://img3.idealista.com/blur/WEB_DETAIL-L-P/0/id.pro.es.image.master/a4/39/c4/831098925.jpg,92105952
https://img3.idealista.com/blur/WEB_DETAIL-L-P/0/id.pro.es.image.master/3f/df/8d/831098937.jpg,92105952
https://img3.idealista.com/blur/WEB_DETAIL-L-P/0/id.pro.es.image.master/d1/1f/b9/831098928.jpg,92105952
https://img3.idealista.com/blur/WEB_DETAIL-L-L/0/id.pro.es.image.master/95/81/6b/831098941.jpg,92105952
https://img3.idealista.com/blur/WEB_DETAIL-L-L/0/id.pro.es.image.master/3f/8e/84/831098944.jpg,92105952
https://img3.idealista.com/blur/WEB_DETAIL-L-L/0/id.pro.es.image.master/c5/cb/da/833507374.jpg,91397009
https://img3.idealista.com/blur/WEB_DETAIL-L-L/0/id.pro.es.image.master/f7/63/e8/833507375.jpg,91397009
https://img3.idealista.com/blur/WEB_DETAIL-L-L/0/id.pro.es.image.master/cf/c5/63/833507383.jpg,91397009
https://img3.idealista.com/blur/WEB_DETAIL-L-L/0/id.pro.es.image.master/8a/af/45/833507384.jpg,91397009
https://img3.idealista.com/blur/WEB_DETAIL-L-L/0/id.pro.es.image.master/f8/77/d6/833507385.jpg,91397009
https://img3.idealista.com/blur/WEB_DETAIL-L-L/0/id.pro.es.image.master/2c/c4/15/833507386.jpg,91397009
https://img3.idealista.com/blur/WEB_DETAIL-L-L/0/id.pro.es.image.master/a3/c9/c3/833507388.jpg,91397009
https://img3.idealista.com/blur/WEB_DETAIL-L-L/0/id.pro.es.image.master/72/bb/f2/833507389.jpg,91397009
https://img3.idealista.com/blur/WEB_DETAIL-L-L/0/id.pro.es.image.master/a1/12/f5/833507396.jpg,91397009
https://img3.idealista.com/blur/WEB_DETAIL-L-L/0/id.pro.es.image.master/93/de/a5/833507397.jpg,91397009
https://img3.idealista.com/blur/WEB_DETAIL-L-L/0/id.pro.es.image.master/01/9a/54/833507398.jpg,91397009
https://img3.idealista.com/blur/WEB_DETAIL-L-L/0/id.pro.es.image.master/2a/2f/fb/833507391.jpg,91397009
https://img3.idealista.com/blur/WEB_DETAIL-L-P/0/id.pro.es.image.master/9c/ef/4b/858759265.jpg,93272909
https://img3.idealista.com/blur/WEB_DETAIL-L-P/0/id.pro.es.image.master/4e/9f/64/858759266.jpg,93272909
https://img3.idealista.com/blur/WEB_DETAIL-L-L/0/id.pro.es.image.master/75/3d/7e/858759267.jpg,93272909
https://img3.idealista.com/blur/WEB_DETAIL-L-P/0/id.pro.es.image.master/1f/d0/46/858759116.jpg,93272909
https://img3.idealista.com/blur/WEB_DETAIL-L-P/0/id.pro.es.image.master/7a/b2/e1/858759351.jpg,93272909
https://img3.idealista.com/blur/WEB_DETAIL-L-P/0/id.pro.es.image.master/b9/fb/9f/858759331.jpg,93272909
https://img3.idealista.com/blur/WEB_DETAIL-L-L/0/id.pro.es.image.master/f5/09/65/864544562.jpg,93511854
https://img3.idealista.com/blur/WEB_DETAIL-L-P/0/id.pro.es.image.master/2a/d4/88/864544517.jpg,93511854
https://img3.idealista.com/blur/WEB_DETAIL-L-L/0/id.pro.es.image.master/02/f4/d9/864544555.jpg,93511854
https://img3.idealista.com/blur/WEB_DETAIL-L-L/0/id.pro.es.image.master/02/31/fe/864544536.jpg,93511854
https://img3.idealista.com/blur/WEB_DETAIL-L-L/0/id.pro.es.image.master/63/8d/53/864544556.jpg,93511854
https://img3.idealista.com/blur/WEB_DETAIL-L-L/0/id.pro.es.image.master/d2/dd/64/864544557.jpg,93511854
https://img3.idealista.com/blur/WEB_DETAIL-L-L/0/id.pro.es.image.master/80/c7/4c/864544563.jpg,93511854
https://img3.idealista.com/blur/WEB_DETAIL-L-L/0/id.pro.es.image.master/37/98/fd/864544570.jpg,93511854
https://img3.idealista.com/blur/WEB_DETAIL-L-L/0/id.pro.es.image.master/35/2b/a9/864544537.jpg,93511854
https://img3.idealista.com/blur/WEB_DETAIL-L-L/0/id.pro.es.image.master/ce/39/5d/864544583.jpg,93511854
https://img3.idealista.com/blur/WEB_DETAIL-L-L/0/id.pro.es.image.master/98/ba/82/864544580.jpg,93511854
https://img3.idealista.com/blur/WEB_DETAIL-L-L/0/id.pro.es.image.master/d2/b1/9d/864544569.jpg,93511854
https://img3.idealista.com/blur/WEB_DETAIL-L-P/0/id.pro.es.image.master/c0/39/fd/864544538.jpg,93511854
https://img3.idealista.com/blur/WEB_DETAIL-L-L/0/id.pro.es.image.master/0d/54/75/864544558.jpg,93511854
https://img3.idealista.com/blur/WEB_DETAIL-L-L/0/id.pro.es.image.master/01/ac/e2/864544564.jpg,93511854
https://img3.idealista.com/blur/WEB_DETAIL-L-L/0/id.pro.es.image.master/1b/33/87/864544566.jpg,93511854
https://img3.idealista.com/blur/WEB_DETAIL-L-L/0/id.pro.es.image.master/f5/04/f3/864544565.jpg,93511854
https://img3.idealista.com/blur/WEB_DETAIL-L-L/0/id.pro.es.image.master/f0/9f/07/864544567.jpg,93511854
https://img3.idealista.com/blur/WEB_DETAIL-L-L/0/id.pro.es.image.master/30/db/b1/864544589.jpg,93511854
https://img3.idealista.com/blur/WEB_DETAIL-L-L/0/id.pro.es.image.master/2a/86/d3/864544582.jpg,93511854
https://img3.idealista.com/blur/WEB_DETAIL-L-L/0/id.pro.es.image.master/75/7f/2a/864544581.jpg,93511854
https://img3.idealista.com/blur/WEB_DETAIL-L-L/0/id.pro.es.image.master/64/67/28/864544579.jpg,93511854
https://img3.idealista.com/blur/WEB_DETAIL-L-L/0/id.pro.es.image.master/14/80/85/864544571.jpg,93511854
https://img3.idealista.com/blur/WEB_DETAIL-L-L/0/id.pro.es.image.master/a9/34/9c/854100716.jpg,93084388
https://img3.idealista.com/blur/WEB_DETAIL-L-L/0/id.pro.es.image.master/73/ab/70/854100542.jpg,93084388
https://img3.idealista.com/blur/WEB_DETAIL-L-L/0/id.pro.es.image.master/e6/b5/e1/854100717.jpg,93084388
https://img3.idealista.com/blur/WEB_DETAIL-L-L/0/id.pro.es.image.master/df/27/26/854100672.jpg,93084388
https://img3.idealista.com/blur/WEB_DETAIL-L-L/0/id.pro.es.image.master/08/63/af/854100719.jpg,93084388
https://img3.idealista.com/blur/WEB_DETAIL-L-L/0/id.pro.es.image.master/17/13/80/854100673.jpg,93084388
https://img3.idealista.com/blur/WEB_DETAIL-L-L/0/id.pro.es.image.master/8a/7f/17/854100699.jpg,93084388
https://img3.idealista.com/blur/WEB_DETAIL-L-L/0/id.pro.es.image.master/dd/f0/a6/854100718.jpg,93084388
https://img3.idealista.com/blur/WEB_DETAIL-L-L/0/id.pro.es.image.master/e2/3b/51/854100720.jpg,93084388
https://img3.idealista.com/blur/WEB_DETAIL-L-L/0/id.pro.es.image.master/be/8d/09/854100544.jpg,93084388
https://img3.idealista.com/blur/WEB_DETAIL-L-L/0/id.pro.es.image.master/09/be/a6/854100674.jpg,93084388
https://img3.idealista.com/blur/WEB_DETAIL-L-L/0/id.pro.es.image.master/8f/d3/9e/854100543.jpg,93084388
https://img3.idealista.com/blur/WEB_DETAIL-L-L/0/id.pro.es.image.master/37/88/c6/854100675.jpg,93084388
https://img3.idealista.com/blur/WEB_DETAIL-L-L/0/id.pro.es.image.master/fd/1d/05/854100700.jpg,93084388
https://img3.idealista.com/blur/WEB_DETAIL-L-L/0/id.pro.es.image.master/c6/3b/c8/854100736.jpg,93084388
https://img3.idealista.com/blur/WEB_DETAIL-L-L/0/id.pro.es.image.master/e9/0f/aa/854100726.jpg,93084388
https://img3.idealista.com/blur/WEB_DETAIL-L-L/0/id.pro.es.image.master/f7/5c/ce/854100545.jpg,93084388
https://img3.idealista.com/blur/WEB_DETAIL-L-L/0/id.pro.es.image.master/de/4f/53/854100737.jpg,93084388
https://img3.idealista.com/blur/WEB_DETAIL-L-L/0/id.pro.es.image.master/cd/27/e6/854100727.jpg,93084388
https://img3.idealista.com/blur/WEB_DETAIL-L-L/0/id.pro.es.image.master/22/e5/0b/854100721.jpg,93084388
https://img3.idealista.com/blur/WEB_DETAIL-L-L/0/id.pro.es.image.master/88/c1/47/854100701.jpg,93084388
https://img3.idealista.com/blur/WEB_DETAIL-L-L/0/id.pro.es.image.master/c6/02/ce/854100722.jpg,93084388
https://img3.idealista.com/blur/WEB_DETAIL-L-L/0/id.pro.es.image.master/00/5c/5c/854100723.jpg,93084388
https://img3.idealista.com/blur/WEB_DETAIL-L-L/0/id.pro.es.image.master/c0/8e/76/854100724.jpg,93084388
https://img3.idealista.com/blur/WEB_DETAIL-L-L/0/id.pro.es.image.master/55/2d/c3/854100738.jpg,93084388
https://img3.idealista.com/blur/WEB_DETAIL-L-L/0/id.pro.es.image.master/ef/01/24/854100702.jpg,93084388
https://img3.idealista.com/blur/WEB_DETAIL-L-L/0/id.pro.es.image.master/87/6a/1c/854100747.jpg,93084388
https://img3.idealista.com/blur/WEB_DETAIL-L-L/0/id.pro.es.image.master/8a/4b/72/854100703.jpg,93084388
https://img3.idealista.com/blur/WEB_DETAIL-L-L/0/id.pro.es.image.master/fd/05/b3/854100748.jpg,93084388
https://img3.idealista.com/blur/WEB_DETAIL-L-L/0/id.pro.es.image.master/cb/d7/1b/854100749.jpg,93084388
https://img3.idealista.com/blur/WEB_DETAIL-L-L/0/id.pro.es.image.master/4c/be/57/854100704.jpg,93084388
https://img3.idealista.com/blur/WEB_DETAIL-L-L/0/id.pro.es.image.master/e7/34/49/854100739.jpg,93084388
https://img3.idealista.com/blur/WEB_DETAIL-L-L/0/id.pro.es.image.master/59/d7/55/854100740.jpg,93084388
https://img3.idealista.com/blur/WEB_DETAIL-L-L/0/id.pro.es.image.master/48/1c/7a/854100725.jpg,93084388
https://img3.idealista.com/blur/WEB_DETAIL-L-L/0/id.pro.es.image.master/b5/2c/a3/854100741.jpg,93084388
https://img3.idealista.com/blur/WEB_DETAIL-L-L/0/id.pro.es.image.master/fa/85/51/854100746.jpg,93084388
https://img3.idealista.com/blur/WEB_DETAIL-L-L/0/id.pro.es.image.master/1a/1c/61/863814399.jpg,93483813
https://img3.idealista.com/blur/WEB_DETAIL-L-L/0/id.pro.es.image.master/c7/ee/ff/863814400.jpg,93483813
https://img3.idealista.com/blur/WEB_DETAIL-L-L/0/id.pro.es.image.master/4f/c5/12/863814409.jpg,93483813
https://img3.idealista.com/blur/WEB_DETAIL-L-L/0/id.pro.es.image.master/c8/c4/6b/863814407.jpg,93483813
https://img3.idealista.com/blur/WEB_DETAIL-L-L/0/id.pro.es.image.master/a1/45/93/863814405.jpg,93483813
https://img3.idealista.com/blur/WEB_DETAIL-L-L/0/id.pro.es.image.master/81/c2/70/863814396.jpg,93483813
https://img3.idealista.com/blur/WEB_DETAIL-L-L/0/id.pro.es.image.master/90/3d/be/863814395.jpg,93483813
https://img3.idealista.com/blur/WEB_DETAIL-L-L/0/id.pro.es.image.master/46/d4/a3/863814401.jpg,93483813
https://img3.idealista.com/blur/WEB_DETAIL-L-L/0/id.pro.es.image.master/7c/18/29/863814373.jpg,93483813
https://img3.idealista.com/blur/WEB_DETAIL-L-L/0/id.pro.es.image.master/4b/f7/ba/863814381.jpg,93483813
https://img3.idealista.com/blur/WEB_DETAIL-L-L/0/id.pro.es.image.master/99/18/37/863814393.jpg,93483813
https://img3.idealista.com/blur/WEB_DETAIL-L-L/0/id.pro.es.image.master/c4/8f/bf/863814394.jpg,93483813
https://img3.idealista.com/blur/WEB_DETAIL-L-L/0/id.pro.es.image.master/b4/95/9d/863814403.jpg,93483813
https://img3.idealista.com/blur/WEB_DETAIL-L-L/0/id.pro.es.image.master/c9/48/23/863814382.jpg,93483813
https://img3.idealista.com/blur/WEB_DETAIL-L-L/0/id.pro.es.image.master/17/4d/e9/863814375.jpg,93483813
https://img3.idealista.com/blur/WEB_DETAIL-L-L/0/id.pro.es.image.master/48/f8/9c/863814397.jpg,93483813
https://img3.idealista.com/blur/WEB_DETAIL-L-L/0/id.pro.es.image.master/9b/58/18/863814402.jpg,93483813
https://img3.idealista.com/blur/WEB_DETAIL-L-L/0/id.pro.es.image.master/e0/a5/2d/863814374.jpg,93483813
https://img3.idealista.com/blur/WEB_DETAIL-L-L/0/id.pro.es.image.master/3b/7c/48/863814398.jpg,93483813
https://img3.idealista.com/blur/WEB_DETAIL-L-L/0/id.pro.es.image.master/22/fe/76/863814404.jpg,93483813
https://img3.idealista.com/blur/WEB_DETAIL-L-L/0/id.pro.es.image.master/9a/de/02/863819297.jpg,93483813
https://img3.idealista.com/blur/WEB_DETAIL-L-L/0/id.pro.es.image.master/f3/eb/61/863819298.jpg,93483813
https://img3.idealista.com/blur/WEB_DETAIL-L-P/0/id.pro.es.image.master/08/58/36/779579408.jpg,89928575
https://img3.idealista.com/blur/WEB_DETAIL-L-L/0/id.pro.es.image.master/63/62/dd/779579189.jpg,89928575
https://img3.idealista.com/blur/WEB_DETAIL-L-L/0/id.pro.es.image.master/5f/36/25/779579169.jpg,89928575
https://img3.idealista.com/blur/WEB_DETAIL-L-L/0/id.pro.es.image.master/bd/54/21/779579194.jpg,89928575
https://img3.idealista.com/blur/WEB_DETAIL-L-L/0/id.pro.es.image.master/df/0e/0b/779579193.jpg,89928575
https://img3.idealista.com/blur/WEB_DETAIL-L-L/0/id.pro.es.image.master/67/90/df/779579191.jpg,89928575
https://img3.idealista.com/blur/WEB_DETAIL-L-L/0/id.pro.es.image.master/25/83/84/779579192.jpg,89928575
https://img3.idealista.com/blur/WEB_DETAIL-L-L/0/id.pro.es.image.master/d4/6a/6c/779579179.jpg,89928575
https://img3.idealista.com/blur/WEB_DETAIL-L-L/0/id.pro.es.image.master/1b/08/46/779579170.jpg,89928575
https://img3.idealista.com/blur/WEB_DETAIL-L-L/0/id.pro.es.image.master/43/f0/e5/779579195.jpg,89928575
https://img3.idealista.com/blur/WEB_DETAIL-L-L/0/id.pro.es.image.master/59/9f/d1/779579197.jpg,89928575
https://img3.idealista.com/blur/WEB_DETAIL-L-L/0/id.pro.es.image.master/6a/50/2d/779579171.jpg,89928575
https://img3.idealista.com/blur/WEB_DETAIL-L-L/0/id.pro.es.image.master/f3/25/e3/844984658.jpg,92925714
https://img3.idealista.com/blur/WEB_DETAIL-L-L/0/id.pro.es.image.master/37/d2/96/844984656.jpg,92925714
https://img3.idealista.com/blur/WEB_DETAIL-L-L/0/id.pro.es.image.master/69/b3/d8/844984642.jpg,92925714
https://img3.idealista.com/blur/WEB_DETAIL-L-L/0/id.pro.es.image.master/81/67/68/844984680.jpg,92925714
https://img3.idealista.com/blur/WEB_DETAIL-L-P/0/id.pro.es.image.master/28/4e/69/844984676.jpg,92925714
https://img3.idealista.com/blur/WEB_DETAIL-L-P/0/id.pro.es.image.master/f7/3f/59/844984678.jpg,92925714
https://img3.idealista.com/blur/WEB_DETAIL-L-P/0/id.pro.es.image.master/ce/1b/e9/844984666.jpg,92925714
https://img3.idealista.com/blur/WEB_DETAIL-L-P/0/id.pro.es.image.master/82/ef/f9/844984686.jpg,92925714
https://img3.idealista.com/blur/WEB_DETAIL-L-P/0/id.pro.es.image.master/43/a9/23/844984564.jpg,92925714
https://img3.idealista.com/blur/WEB_DETAIL-L-P/0/id.pro.es.image.master/f5/0a/2c/844984677.jpg,92925714
https://img3.idealista.com/blur/WEB_DETAIL-L-P/0/id.pro.es.image.master/c1/34/91/844984565.jpg,92925714
https://img3.idealista.com/blur/WEB_DETAIL-L-P/0/id.pro.es.image.master/37/48/6a/844984644.jpg,92925714
https://img3.idealista.com/blur/WEB_DETAIL-L-P/0/id.pro.es.image.master/92/4b/7f/844984679.jpg,92925714
https://img3.idealista.com/blur/WEB_DETAIL-L-P/0/id.pro.es.image.master/23/51/64/844984655.jpg,92925714
https://img3.idealista.com/blur/WEB_DETAIL-L-P/0/id.pro.es.image.master/bd/95/37/844984645.jpg,92925714
https://img3.idealista.com/blur/WEB_DETAIL-L-P/0/id.pro.es.image.master/38/26/10/844984659.jpg,92925714
https://img3.idealista.com/blur/WEB_DETAIL-L-L/0/id.pro.es.image.master/63/3c/c7/844984688.jpg,92925714
https://img3.idealista.com/blur/WEB_DETAIL-L-P/0/id.pro.es.image.master/05/2b/29/844984681.jpg,92925714
https://img3.idealista.com/blur/WEB_DETAIL-L-P/0/id.pro.es.image.master/25/bf/c1/844984682.jpg,92925714
https://img3.idealista.com/blur/WEB_DETAIL-L-L/0/id.pro.es.image.master/00/e5/92/844984687.jpg,92925714
https://img3.idealista.com/blur/WEB_DETAIL-L-L/0/id.pro.es.image.master/84/61/0b/854926390.jpg,93118767
https://img3.idealista.com/blur/WEB_DETAIL-L-L/0/id.pro.es.image.master/2e/38/2c/854926398.jpg,93118767
https://img3.idealista.com/blur/WEB_DETAIL-L-L/0/id.pro.es.image.master/ea/36/0b/854926399.jpg,93118767
https://img3.idealista.com/blur/WEB_DETAIL-L-L/0/id.pro.es.image.master/35/3e/44/854926400.jpg,93118767
https://img3.idealista.com/blur/WEB_DETAIL-L-L/0/id.pro.es.image.master/63/df/88/854926401.jpg,93118767
https://img3.idealista.com/blur/WEB_DETAIL-L-L/0/id.pro.es.image.master/1c/0a/1d/854926453.jpg,93118767
https://img3.idealista.com/blur/WEB_DETAIL-L-L/0/id.pro.es.image.master/07/61/0a/854926454.jpg,93118767
https://img3.idealista.com/blur/WEB_DETAIL-L-L/0/id.pro.es.image.master/a9/f2/b2/854926455.jpg,93118767
https://img3.idealista.com/blur/WEB_DETAIL-L-L/0/id.pro.es.image.master/a0/8b/eb/854926458.jpg,93118767
https://img3.idealista.com/blur/WEB_DETAIL-L-L/0/id.pro.es.image.master/73/98/48/854931408.jpg,93118767
https://img3.idealista.com/blur/WEB_DETAIL-L-L/0/id.pro.es.image.master/89/11/aa/830549270.jpg,92085163
https://img3.idealista.com/blur/WEB_DETAIL-L-L/0/id.pro.es.image.master/11/fc/b8/830549264.jpg,92085163
https://img3.idealista.com/blur/WEB_DETAIL-L-L/0/id.pro.es.image.master/08/69/d5/830549277.jpg,92085163
https://img3.idealista.com/blur/WEB_DETAIL-L-L/0/id.pro.es.image.master/0f/e7/69/830549276.jpg,92085163
https://img3.idealista.com/blur/WEB_DETAIL-L-L/0/id.pro.es.image.master/72/1a/03/830549278.jpg,92085163
https://img3.idealista.com/blur/WEB_DETAIL-L-L/0/id.pro.es.image.master/34/86/6d/830549279.jpg,92085163
https://img3.idealista.com/blur/WEB_DETAIL-L-L/0/id.pro.es.image.master/0a/a2/aa/830549282.jpg,92085163
https://img3.idealista.com/blur/WEB_DETAIL-L-L/0/id.pro.es.image.master/db/18/1e/830549297.jpg,92085163
https://img3.idealista.com/blur/WEB_DETAIL-L-L/0/id.pro.es.image.master/08/f9/a8/830549271.jpg,92085163
https://img3.idealista.com/blur/WEB_DETAIL-L-L/0/id.pro.es.image.master/bf/bf/73/830549281.jpg,92085163
https://img3.idealista.com/blur/WEB_DETAIL-L-L/0/id.pro.es.image.master/59/7e/73/830549296.jpg,92085163
https://img3.idealista.com/blur/WEB_DETAIL-L-L/0/id.pro.es.image.master/f4/5b/70/830549272.jpg,92085163
https://img3.idealista.com/blur/WEB_DETAIL-L-L/0/id.pro.es.image.master/f4/9f/d7/830549275.jpg,92085163
https://img3.idealista.com/blur/WEB_DETAIL-L-L/0/id.pro.es.image.master/04/90/e6/830549273.jpg,92085163
https://img3.idealista.com/blur/WEB_DETAIL-L-L/0/id.pro.es.image.master/09/d1/33/830549274.jpg,92085163
https://img3.idealista.com/blur/WEB_DETAIL-L-P/0/id.pro.es.image.master/90/34/15/830549280.jpg,92085163
https://img3.idealista.com/blur/WEB_DETAIL-L-L/0/id.pro.es.image.master/fe/cf/de/830549283.jpg,92085163
https://img3.idealista.com/blur/WEB_DETAIL-L-L/0/id.pro.es.image.master/c6/9c/4e/830549286.jpg,92085163
https://img3.idealista.com/blur/WEB_DETAIL-L-L/0/id.pro.es.image.master/04/d2/8e/814816498.jpg,91447125
https://img3.idealista.com/blur/WEB_DETAIL-L-L/0/id.pro.es.image.master/80/8f/63/814816499.jpg,91447125
https://img3.idealista.com/blur/WEB_DETAIL-L-L/0/id.pro.es.image.master/bf/8d/f7/814816481.jpg,91447125
https://img3.idealista.com/blur/WEB_DETAIL-L-L/0/id.pro.es.image.master/29/a9/8a/814816504.jpg,91447125
https://img3.idealista.com/blur/WEB_DETAIL-L-L/0/id.pro.es.image.master/1a/12/2b/814816483.jpg,91447125
https://img3.idealista.com/blur/WEB_DETAIL-L-L/0/id.pro.es.image.master/e5/70/f6/814816503.jpg,91447125
https://img3.idealista.com/blur/WEB_DETAIL-L-L/0/id.pro.es.image.master/72/66/d7/814816485.jpg,91447125
https://img3.idealista.com/blur/WEB_DETAIL-L-L/0/id.pro.es.image.master/8a/12/e7/814816500.jpg,91447125
https://img3.idealista.com/blur/WEB_DETAIL-L-L/0/id.pro.es.image.master/c1/c1/73/814816484.jpg,91447125
https://img3.idealista.com/blur/WEB_DETAIL-L-L/0/id.pro.es.image.master/2a/c1/b7/814816501.jpg,91447125
https://img3.idealista.com/blur/WEB_DETAIL-L-L/0/id.pro.es.image.master/19/91/14/814816502.jpg,91447125
https://img3.idealista.com/blur/WEB_DETAIL-L-L/0/id.pro.es.image.master/af/3d/be/814816524.jpg,91447125
https://img3.idealista.com/blur/WEB_DETAIL-L-L/0/id.pro.es.image.master/74/f7/63/814816514.jpg,91447125
https://img3.idealista.com/blur/WEB_DETAIL-L-L/0/id.pro.es.image.master/56/73/c2/814816526.jpg,91447125
https://img3.idealista.com/blur/WEB_DETAIL-L-L/0/id.pro.es.image.master/6c/53/6a/814816525.jpg,91447125
https://img3.idealista.com/blur/WEB_DETAIL-L-L/0/id.pro.es.image.master/79/c9/42/814816513.jpg,91447125
https://img3.idealista.com/blur/WEB_DETAIL-L-L/0/id.pro.es.image.master/17/7f/67/814816512.jpg,91447125
https://img3.idealista.com/blur/WEB_DETAIL-L-L/0/id.pro.es.image.master/97/82/a4/814816546.jpg,91447125
https://img3.idealista.com/blur/WEB_DETAIL-L-L/0/id.pro.es.image.master/59/c6/1a/814816536.jpg,91447125
https://img3.idealista.com/blur/WEB_DETAIL-L-L/0/id.pro.es.image.master/88/67/5f/833436906.jpg,92200643
https://img3.idealista.com/blur/WEB_DETAIL-L-L/0/id.pro.es.image.master/47/ed/51/833436911.jpg,92200643
https://img3.idealista.com/blur/WEB_DETAIL-L-L/0/id.pro.es.image.master/7c/ff/1d/833436913.jpg,92200643
https://img3.idealista.com/blur/WEB_DETAIL-L-L/0/id.pro.es.image.master/52/f3/ff/833436891.jpg,92200643
https://img3.idealista.com/blur/WEB_DETAIL-L-L/0/id.pro.es.image.master/25/9d/9a/833436894.jpg,92200643
https://img3.idealista.com/blur/WEB_DETAIL-L-L/0/id.pro.es.image.master/5e/7c/b4/833436909.jpg,92200643
https://img3.idealista.com/blur/WEB_DETAIL-L-L/0/id.pro.es.image.master/44/77/4d/833436851.jpg,92200643
https://img3.idealista.com/blur/WEB_DETAIL-L-L/0/id.pro.es.image.master/c2/43/98/833436919.jpg,92200643
https://img3.idealista.com/blur/WEB_DETAIL-L-L/0/id.pro.es.image.master/66/a6/69/833436852.jpg,92200643
https://img3.idealista.com/blur/WEB_DETAIL-L-L/0/id.pro.es.image.master/c5/86/b9/833436914.jpg,92200643
https://img3.idealista.com/blur/WEB_DETAIL-L-P/0/id.pro.es.image.master/32/4d/a5/833436853.jpg,92200643
https://img3.idealista.com/blur/WEB_DETAIL-L-P/0/id.pro.es.image.master/ea/f4/a9/833436892.jpg,92200643
https://img3.idealista.com/blur/WEB_DETAIL-L-P/0/id.pro.es.image.master/44/cb/31/833436908.jpg,92200643
https://img3.idealista.com/blur/WEB_DETAIL-L-P/0/id.pro.es.image.master/58/b7/1c/833436907.jpg,92200643
https://img3.idealista.com/blur/WEB_DETAIL-L-P/0/id.pro.es.image.master/83/e3/5c/833436854.jpg,92200643
https://img3.idealista.com/blur/WEB_DETAIL-L-P/0/id.pro.es.image.master/c6/a2/dd/833436915.jpg,92200643
https://img3.idealista.com/blur/WEB_DETAIL-L-P/0/id.pro.es.image.master/90/43/70/833436893.jpg,92200643
https://img3.idealista.com/blur/WEB_DETAIL-L-P/0/id.pro.es.image.master/33/0b/2c/833436855.jpg,92200643
https://img3.idealista.com/blur/WEB_DETAIL-L-P/0/id.pro.es.image.master/4d/ee/91/861822190.jpg,93396781
https://img3.idealista.com/blur/WEB_DETAIL-L-P/0/id.pro.es.image.master/fc/5e/c2/861822201.jpg,93396781
https://img3.idealista.com/blur/WEB_DETAIL-L-P/0/id.pro.es.image.master/15/66/47/861822176.jpg,93396781
https://img3.idealista.com/blur/WEB_DETAIL-L-P/0/id.pro.es.image.master/68/52/ef/861821947.jpg,93396781
https://img3.idealista.com/blur/WEB_DETAIL-L-P/0/id.pro.es.image.master/29/ff/23/861822192.jpg,93396781
https://img3.idealista.com/blur/WEB_DETAIL-L-P/0/id.pro.es.image.master/b5/6f/a4/861822177.jpg,93396781
https://img3.idealista.com/blur/WEB_DETAIL-L-P/0/id.pro.es.image.master/f0/80/8b/861822199.jpg,93396781
https://img3.idealista.com/blur/WEB_DETAIL-L-P/0/id.pro.es.image.master/4e/75/db/861822189.jpg,93396781
https://img3.idealista.com/blur/WEB_DETAIL-L-P/0/id.pro.es.image.master/c9/54/e4/861822178.jpg,93396781
https://img3.idealista.com/blur/WEB_DETAIL-L-P/0/id.pro.es.image.master/89/42/f9/861822193.jpg,93396781
https://img3.idealista.com/blur/WEB_DETAIL-L-P/0/id.pro.es.image.master/45/68/37/861822183.jpg,93396781
https://img3.idealista.com/blur/WEB_DETAIL-L-P/0/id.pro.es.image.master/e0/7e/6e/861822200.jpg,93396781
https://img3.idealista.com/blur/WEB_DETAIL-L-P/0/id.pro.es.image.master/66/c9/57/861822202.jpg,93396781
https://img3.idealista.com/blur/WEB_DETAIL-L-P/0/id.pro.es.image.master/3f/04/06/808851197.jpg,91191179
https://img3.idealista.com/blur/WEB_DETAIL-L-L/0/id.pro.es.image.master/b0/c6/16/808851198.jpg,91191179
https://img3.idealista.com/blur/WEB_DETAIL-L-P/0/id.pro.es.image.master/c8/a9/76/808851153.jpg,91191179
https://img3.idealista.com/blur/WEB_DETAIL-L-P/0/id.pro.es.image.master/1d/33/31/808851192.jpg,91191179
https://img3.idealista.com/blur/WEB_DETAIL-L-P/0/id.pro.es.image.master/80/59/b7/808851154.jpg,91191179
https://img3.idealista.com/blur/WEB_DETAIL-L-P/0/id.pro.es.image.master/97/5a/98/808851190.jpg,91191179
https://img3.idealista.com/blur/WEB_DETAIL-L-P/0/id.pro.es.image.master/17/74/99/808851193.jpg,91191179
https://img3.idealista.com/blur/WEB_DETAIL-L-P/0/id.pro.es.image.master/2e/6a/3b/808851195.jpg,91191179
https://img3.idealista.com/blur/WEB_DETAIL-L-P/0/id.pro.es.image.master/b2/2d/f7/808851194.jpg,91191179
https://img3.idealista.com/blur/WEB_DETAIL-L-P/0/id.pro.es.image.master/75/21/76/808851196.jpg,91191179
https://img3.idealista.com/blur/WEB_DETAIL-L-P/0/id.pro.es.image.master/20/8c/d0/808851155.jpg,91191179
https://img3.idealista.com/blur/WEB_DETAIL-L-L/0/id.pro.es.image.master/f6/59/3f/761376811.jpg,85628653
https://img3.idealista.com/blur/WEB_DETAIL-L-P/90/id.pro.es.image.master/1d/89/49/799272585.jpg,85628653
https://img3.idealista.com/blur/WEB_DETAIL-L-P/90/id.pro.es.image.master/55/03/0c/669766316.jpg,85628653
https://img3.idealista.com/blur/WEB_DETAIL-L-P/90/id.pro.es.image.master/94/29/90/669843742.jpg,85628653
https://img3.idealista.com/blur/WEB_DETAIL-L-P/90/id.pro.es.image.master/1e/d5/df/669766318.jpg,85628653
https://img3.idealista.com/blur/WEB_DETAIL-L-P/90/id.pro.es.image.master/53/c4/6c/669843777.jpg,85628653
https://img3.idealista.com/blur/WEB_DETAIL-L-L/0/id.pro.es.image.master/24/c2/f6/761376801.jpg,85628653
https://img3.idealista.com/blur/WEB_DETAIL-L-P/90/id.pro.es.image.master/4a/e7/d5/669766311.jpg,85628653
https://img3.idealista.com/blur/WEB_DETAIL-L-P/90/id.pro.es.image.master/73/4b/24/669766300.jpg,85628653
https://img3.idealista.com/blur/WEB_DETAIL-L-P/90/id.pro.es.image.master/5c/b6/9a/669766319.jpg,85628653
https://img3.idealista.com/blur/WEB_DETAIL-L-P/90/id.pro.es.image.master/4c/31/ab/669766313.jpg,85628653
https://img3.idealista.com/blur/WEB_DETAIL-L-P/90/id.pro.es.image.master/88/2d/3b/669766317.jpg,85628653
https://img3.idealista.com/blur/WEB_DETAIL-L-P/90/id.pro.es.image.master/09/a9/05/669766315.jpg,85628653
https://img3.idealista.com/blur/WEB_DETAIL-L-P/90/id.pro.es.image.master/d5/9c/ee/669766301.jpg,85628653
https://img3.idealista.com/blur/WEB_DETAIL-L-L/180/id.pro.es.image.master/e0/42/7a/669766310.jpg,85628653
https://img3.idealista.com/blur/WEB_DETAIL-L-L/0/id.pro.es.image.master/14/9e/e6/755208140.jpg,88780582
https://img3.idealista.com/blur/WEB_DETAIL-L-L/0/id.pro.es.image.master/2d/0a/31/755208141.jpg,88780582
https://img3.idealista.com/blur/WEB_DETAIL-L-L/0/id.pro.es.image.master/8c/7f/11/755208142.jpg,88780582
https://img3.idealista.com/blur/WEB_DETAIL-L-L/0/id.pro.es.image.master/70/00/d6/755208143.jpg,88780582
https://img3.idealista.com/blur/WEB_DETAIL-L-L/0/id.pro.es.image.master/15/55/ac/755208144.jpg,88780582
https://img3.idealista.com/blur/WEB_DETAIL-L-L/0/id.pro.es.image.master/56/5f/50/755208145.jpg,88780582
https://img3.idealista.com/blur/WEB_DETAIL-L-L/0/id.pro.es.image.master/08/4d/f5/820773579.jpg,91685658
https://img3.idealista.com/blur/WEB_DETAIL-L-P/0/id.pro.es.image.master/66/53/d3/820773580.jpg,91685658
https://img3.idealista.com/blur/WEB_DETAIL-L-P/0/id.pro.es.image.master/4e/44/be/820773587.jpg,91685658
https://img3.idealista.com/blur/WEB_DETAIL-L-L/0/id.pro.es.image.master/b9/57/00/820773581.jpg,91685658
https://img3.idealista.com/blur/WEB_DETAIL-L-L/0/id.pro.es.image.master/05/3b/6e/820773588.jpg,91685658
https://img3.idealista.com/blur/WEB_DETAIL-L-P/0/id.pro.es.image.master/65/62/7e/820773589.jpg,91685658
https://img3.idealista.com/blur/WEB_DETAIL-L-P/0/id.pro.es.image.master/42/bf/6f/820773590.jpg,91685658
https://img3.idealista.com/blur/WEB_DETAIL-L-P/0/id.pro.es.image.master/1d/1b/06/820773591.jpg,91685658
https://img3.idealista.com/blur/WEB_DETAIL-L-P/0/id.pro.es.image.master/71/de/4c/820773592.jpg,91685658
https://img3.idealista.com/blur/WEB_DETAIL-L-P/0/id.pro.es.image.master/f6/6d/4e/820773447.jpg,91685658
https://img3.idealista.com/blur/WEB_DETAIL-L-L/0/id.pro.es.image.master/3e/78/c3/820773582.jpg,91685658
https://img3.idealista.com/blur/WEB_DETAIL-L-P/0/id.pro.es.image.master/da/4a/19/820773583.jpg,91685658
https://img3.idealista.com/blur/WEB_DETAIL-L-L/0/id.pro.es.image.master/c4/c6/35/820773594.jpg,91685658
https://img3.idealista.com/blur/WEB_DETAIL-L-L/0/id.pro.es.image.master/00/de/64/820773601.jpg,91685658
https://img3.idealista.com/blur/WEB_DETAIL-L-P/0/id.pro.es.image.master/04/7d/03/820773584.jpg,91685658
https://img3.idealista.com/blur/WEB_DETAIL-L-L/0/id.pro.es.image.master/6b/94/1e/820773602.jpg,91685658
https://img3.idealista.com/blur/WEB_DETAIL-L-L/0/id.pro.es.image.master/b9/db/d3/820773585.jpg,91685658
https://img3.idealista.com/blur/WEB_DETAIL-L-P/0/id.pro.es.image.master/40/0f/c2/820773606.jpg,91685658
https://img3.idealista.com/blur/WEB_DETAIL-L-L/0/id.pro.es.image.master/1c/b8/85/860507642.jpg,93345208
https://img3.idealista.com/blur/WEB_DETAIL-L-L/0/id.pro.es.image.master/f0/bd/92/860507644.jpg,93345208
https://img3.idealista.com/blur/WEB_DETAIL-L-L/0/id.pro.es.image.master/3c/3c/ff/860507647.jpg,93345208
https://img3.idealista.com/blur/WEB_DETAIL-L-L/0/id.pro.es.image.master/e7/62/3e/860507649.jpg,93345208
https://img3.idealista.com/blur/WEB_DETAIL-L-L/0/id.pro.es.image.master/e6/7c/b8/860507650.jpg,93345208
https://img3.idealista.com/blur/WEB_DETAIL-L-L/0/id.pro.es.image.master/92/ee/03/860507657.jpg,93345208
https://img3.idealista.com/blur/WEB_DETAIL-L-L/0/id.pro.es.image.master/aa/b8/e2/860507651.jpg,93345208
https://img3.idealista.com/blur/WEB_DETAIL-L-L/0/id.pro.es.image.master/a9/5a/85/859429124.jpg,93300421
https://img3.idealista.com/blur/WEB_DETAIL-L-L/0/id.pro.es.image.master/48/be/c5/859429125.jpg,93300421
https://img3.idealista.com/blur/WEB_DETAIL-L-L/0/id.pro.es.image.master/b2/49/95/859429126.jpg,93300421
https://img3.idealista.com/blur/WEB_DETAIL-L-L/0/id.pro.es.image.master/b8/94/3d/859429127.jpg,93300421
https://img3.idealista.com/blur/WEB_DETAIL-L-L/0/id.pro.es.image.master/aa/c2/66/859429128.jpg,93300421
https://img3.idealista.com/blur/WEB_DETAIL-L-L/0/id.pro.es.image.master/92/2b/6b/859429129.jpg,93300421
https://img3.idealista.com/blur/WEB_DETAIL-L-L/0/id.pro.es.image.master/1f/0f/19/859429130.jpg,93300421
https://img3.idealista.com/blur/WEB_DETAIL-L-L/0/id.pro.es.image.master/42/5a/78/859429131.jpg,93300421
https://img3.idealista.com/blur/WEB_DETAIL-L-L/0/id.pro.es.image.master/08/04/da/859429132.jpg,93300421
https://img3.idealista.com/blur/WEB_DETAIL-L-L/0/id.pro.es.image.master/6c/9f/02/859429133.jpg,93300421
https://img3.idealista.com/blur/WEB_DETAIL-L-L/0/id.pro.es.image.master/5d/ef/ac/859429134.jpg,93300421
https://img3.idealista.com/blur/WEB_DETAIL-L-L/0/id.pro.es.image.master/bf/16/09/859429135.jpg,93300421
https://img3.idealista.com/blur/WEB_DETAIL-L-L/0/id.pro.es.image.master/7d/a4/fd/859429136.jpg,93300421
https://img3.idealista.com/blur/WEB_DETAIL-L-L/0/id.pro.es.image.master/d1/28/d2/859429137.jpg,93300421
https://img3.idealista.com/blur/WEB_DETAIL-L-L/0/id.pro.es.image.master/50/ea/49/859429138.jpg,93300421
https://img3.idealista.com/blur/WEB_DETAIL-L-L/0/id.pro.es.image.master/24/61/4a/859429139.jpg,93300421
https://img3.idealista.com/blur/WEB_DETAIL-L-L/0/id.pro.es.image.master/d5/a9/82/859429140.jpg,93300421
https://img3.idealista.com/blur/WEB_DETAIL-L-L/0/id.pro.es.image.master/08/32/d8/847137460.jpg,92653468
https://img3.idealista.com/blur/WEB_DETAIL-L-L/0/id.pro.es.image.master/c1/6a/21/847137477.jpg,92653468
https://img3.idealista.com/blur/WEB_DETAIL-L-L/0/id.pro.es.image.master/ab/57/73/847137468.jpg,92653468
https://img3.idealista.com/blur/WEB_DETAIL-L-L/0/id.pro.es.image.master/f4/de/4d/847137459.jpg,92653468
https://img3.idealista.com/blur/WEB_DETAIL-L-P/0/id.pro.es.image.master/cb/a1/a8/847137412.jpg,92653468
https://img3.idealista.com/blur/WEB_DETAIL-L-P/0/id.pro.es.image.master/9b/e5/ec/847137413.jpg,92653468
https://img3.idealista.com/blur/WEB_DETAIL-L-P/0/id.pro.es.image.master/1d/db/4a/847137411.jpg,92653468
https://img3.idealista.com/blur/WEB_DETAIL-L-P/0/id.pro.es.image.master/dd/86/50/847137476.jpg,92653468
https://img3.idealista.com/blur/WEB_DETAIL-L-L/0/id.pro.es.image.master/f9/8e/d8/847215488.jpg,92750345
https://img3.idealista.com/blur/WEB_DETAIL-L-P/0/id.pro.es.image.master/49/67/ae/847217492.jpg,92750345
https://img3.idealista.com/blur/WEB_DETAIL-L-P/0/id.pro.es.image.master/0c/38/91/847215982.jpg,92750345
https://img3.idealista.com/blur/WEB_DETAIL-L-L/0/id.pro.es.image.master/aa/99/16/847216806.jpg,92750345
https://img3.idealista.com/blur/WEB_DETAIL-L-P/0/id.pro.es.image.master/07/dc/72/847216812.jpg,92750345
https://img3.idealista.com/blur/WEB_DETAIL-L-P/0/id.pro.es.image.master/f2/14/b5/847216804.jpg,92750345
https://img3.idealista.com/blur/WEB_DETAIL-L-L/0/id.pro.es.image.master/3f/29/a7/847216861.jpg,92750345
https://img3.idealista.com/blur/WEB_DETAIL-L-L/0/id.pro.es.image.master/a6/63/88/847216964.jpg,92750345
https://img3.idealista.com/blur/WEB_DETAIL-L-P/0/id.pro.es.image.master/e0/f5/b4/847217145.jpg,92750345
https://img3.idealista.com/blur/WEB_DETAIL-L-P/0/id.pro.es.image.master/eb/43/ec/847217109.jpg,92750345
https://img3.idealista.com/blur/WEB_DETAIL-L-P/0/id.pro.es.image.master/b6/5a/f1/847217366.jpg,92750345
https://img3.idealista.com/blur/WEB_DETAIL-L-P/0/id.pro.es.image.master/f8/24/63/847217377.jpg,92750345
https://img3.idealista.com/blur/WEB_DETAIL-L-L/0/id.pro.es.image.master/98/c1/3f/847217677.jpg,92750345
https://img3.idealista.com/blur/WEB_DETAIL-L-L/0/id.pro.es.image.master/37/f2/35/842466101.jpg,92551858
https://img3.idealista.com/blur/WEB_DETAIL-L-L/0/id.pro.es.image.master/9a/3d/f5/842466108.jpg,92551858
https://img3.idealista.com/blur/WEB_DETAIL-L-L/0/id.pro.es.image.master/93/b0/12/842466093.jpg,92551858
https://img3.idealista.com/blur/WEB_DETAIL-L-L/0/id.pro.es.image.master/a8/db/64/842466109.jpg,92551858
https://img3.idealista.com/blur/WEB_DETAIL-L-P/0/id.pro.es.image.master/c1/07/30/842466092.jpg,92551858
https://img3.idealista.com/blur/WEB_DETAIL-L-P/0/id.pro.es.image.master/ba/04/c2/842466106.jpg,92551858
https://img3.idealista.com/blur/WEB_DETAIL-L-P/0/id.pro.es.image.master/98/87/f5/842466098.jpg,92551858
https://img3.idealista.com/blur/WEB_DETAIL-L-P/0/id.pro.es.image.master/84/a1/1b/842466085.jpg,92551858
https://img3.idealista.com/blur/WEB_DETAIL-L-P/0/id.pro.es.image.master/b5/2c/07/842466096.jpg,92551858
https://img3.idealista.com/blur/WEB_DETAIL-L-P/0/id.pro.es.image.master/f0/fb/59/842466095.jpg,92551858
https://img3.idealista.com/blur/WEB_DETAIL-L-L/0/id.pro.es.image.master/b8/16/bb/842466097.jpg,92551858
https://img3.idealista.com/blur/WEB_DETAIL-L-P/0/id.pro.es.image.master/55/d1/e8/842466054.jpg,92551858
https://img3.idealista.com/blur/WEB_DETAIL-L-P/0/id.pro.es.image.master/67/dc/ab/842466094.jpg,92551858
https://img3.idealista.com/blur/WEB_DETAIL-L-P/0/id.pro.es.image.master/e2/16/10/842466099.jpg,92551858
https://img3.idealista.com/blur/WEB_DETAIL-L-P/0/id.pro.es.image.master/3e/82/af/842466060.jpg,92551858
https://img3.idealista.com/blur/WEB_DETAIL-L-P/0/id.pro.es.image.master/99/e1/27/842466107.jpg,92551858
https://img3.idealista.com/blur/WEB_DETAIL-L-P/0/id.pro.es.image.master/07/f1/54/842466100.jpg,92551858
https://img3.idealista.com/blur/WEB_DETAIL-L-P/0/id.pro.es.image.master/7c/87/c1/842466055.jpg,92551858
https://img3.idealista.com/blur/WEB_DETAIL-L-P/0/id.pro.es.image.master/df/cb/1c/865882496.jpg,93560980
https://img3.idealista.com/blur/WEB_DETAIL-L-P/0/id.pro.es.image.master/69/b7/90/865882465.jpg,93560980
https://img3.idealista.com/blur/WEB_DETAIL-L-P/0/id.pro.es.image.master/cf/10/ac/865882499.jpg,93560980
https://img3.idealista.com/blur/WEB_DETAIL-L-P/0/id.pro.es.image.master/0f/a9/c3/865882498.jpg,93560980
https://img3.idealista.com/blur/WEB_DETAIL-L-P/0/id.pro.es.image.master/7a/0f/ee/865882434.jpg,93560980
https://img3.idealista.com/blur/WEB_DETAIL-L-P/0/id.pro.es.image.master/dd/cd/b6/865882497.jpg,93560980
https://img3.idealista.com/blur/WEB_DETAIL-L-P/0/id.pro.es.image.master/6a/c0/36/865882495.jpg,93560980
https://img3.idealista.com/blur/WEB_DETAIL-L-P/0/id.pro.es.image.master/88/34/b8/865882488.jpg,93560980
https://img3.idealista.com/blur/WEB_DETAIL-L-P/0/id.pro.es.image.master/e1/26/cc/865882502.jpg,93560980
https://img3.idealista.com/blur/WEB_DETAIL-L-P/0/id.pro.es.image.master/69/38/e3/865882487.jpg,93560980
https://img3.idealista.com/blur/WEB_DETAIL-L-P/0/id.pro.es.image.master/d5/58/08/865882501.jpg,93560980
https://img3.idealista.com/blur/WEB_DETAIL-L-P/0/id.pro.es.image.master/6a/19/55/865882435.jpg,93560980
https://img3.idealista.com/blur/WEB_DETAIL-L-P/0/id.pro.es.image.master/cc/c1/29/865882500.jpg,93560980
https://img3.idealista.com/blur/WEB_DETAIL-L-L/0/id.pro.es.image.master/68/ac/2d/867656660.jpg,93615963
https://img3.idealista.com/blur/WEB_DETAIL-L-L/0/id.pro.es.image.master/59/63/79/867656661.jpg,93615963
https://img3.idealista.com/blur/WEB_DETAIL-L-L/0/id.pro.es.image.master/51/c3/09/867656662.jpg,93615963
https://img3.idealista.com/blur/WEB_DETAIL-L-L/0/id.pro.es.image.master/e7/b9/d0/867656663.jpg,93615963
https://img3.idealista.com/blur/WEB_DETAIL-L-L/0/id.pro.es.image.master/8b/a8/b7/867656664.jpg,93615963
https://img3.idealista.com/blur/WEB_DETAIL-L-L/0/id.pro.es.image.master/2f/d4/cd/867656666.jpg,93615963
https://img3.idealista.com/blur/WEB_DETAIL-L-L/0/id.pro.es.image.master/63/96/f3/867656671.jpg,93615963
https://img3.idealista.com/blur/WEB_DETAIL-L-L/0/id.pro.es.image.master/46/8f/bd/867656668.jpg,93615963
https://img3.idealista.com/blur/WEB_DETAIL-L-L/0/id.pro.es.image.master/d2/da/69/867656680.jpg,93615963
https://img3.idealista.com/blur/WEB_DETAIL-L-L/0/id.pro.es.image.master/f7/bf/7d/867656647.jpg,93615963
https://img3.idealista.com/blur/WEB_DETAIL-L-L/0/id.pro.es.image.master/92/81/7f/867656683.jpg,93615963
https://img3.idealista.com/blur/WEB_DETAIL-L-L/0/id.pro.es.image.master/d6/4d/f5/867656684.jpg,93615963
https://img3.idealista.com/blur/WEB_DETAIL-L-L/0/id.pro.es.image.master/1a/ac/17/867656686.jpg,93615963
https://img3.idealista.com/blur/WEB_DETAIL-L-L/0/id.pro.es.image.master/b3/95/7b/867656688.jpg,93615963
https://img3.idealista.com/blur/WEB_DETAIL-L-L/0/id.pro.es.image.master/5e/60/0b/867656700.jpg,93615963
https://img3.idealista.com/blur/WEB_DETAIL-L-L/0/id.pro.es.image.master/c6/83/ba/867656702.jpg,93615963
https://img3.idealista.com/blur/WEB_DETAIL-L-L/0/id.pro.es.image.master/9b/9a/6e/867656691.jpg,93615963
https://img3.idealista.com/blur/WEB_DETAIL-L-L/0/id.pro.es.image.master/40/28/49/867723719.jpg,93618709
https://img3.idealista.com/blur/WEB_DETAIL-L-L/0/id.pro.es.image.master/10/ce/75/867723712.jpg,93618709
https://img3.idealista.com/blur/WEB_DETAIL-L-L/0/id.pro.es.image.master/32/70/49/867723715.jpg,93618709
https://img3.idealista.com/blur/WEB_DETAIL-L-L/0/id.pro.es.image.master/36/5a/cd/867723687.jpg,93618709
https://img3.idealista.com/blur/WEB_DETAIL-L-L/0/id.pro.es.image.master/1e/fb/d5/867723729.jpg,93618709
https://img3.idealista.com/blur/WEB_DETAIL-L-L/0/id.pro.es.image.master/46/88/d0/867723688.jpg,93618709
https://img3.idealista.com/blur/WEB_DETAIL-L-L/0/id.pro.es.image.master/e1/ff/d1/867723710.jpg,93618709
https://img3.idealista.com/blur/WEB_DETAIL-L-L/0/id.pro.es.image.master/9e/c7/65/867723708.jpg,93618709
https://img3.idealista.com/blur/WEB_DETAIL-L-L/0/id.pro.es.image.master/17/64/a8/867723730.jpg,93618709
https://img3.idealista.com/blur/WEB_DETAIL-L-L/0/id.pro.es.image.master/a5/60/89/867723711.jpg,93618709
https://img3.idealista.com/blur/WEB_DETAIL-L-L/0/id.pro.es.image.master/4d/79/03/867723693.jpg,93618709
https://img3.idealista.com/blur/WEB_DETAIL-L-L/0/id.pro.es.image.master/61/1a/9a/867723716.jpg,93618709
https://img3.idealista.com/blur/WEB_DETAIL-L-L/0/id.pro.es.image.master/b5/38/a9/867723692.jpg,93618709
https://img3.idealista.com/blur/WEB_DETAIL-L-L/0/id.pro.es.image.master/1b/e4/d4/867723720.jpg,93618709
https://img3.idealista.com/blur/WEB_DETAIL-L-L/0/id.pro.es.image.master/d6/fe/6d/867723713.jpg,93618709
https://img3.idealista.com/blur/WEB_DETAIL-L-L/0/id.pro.es.image.master/8d/a7/0e/867725129.jpg,93618709
https://img3.idealista.com/blur/WEB_DETAIL-L-L/0/id.pro.es.image.master/10/e1/f3/867725130.jpg,93618709
https://img3.idealista.com/blur/WEB_DETAIL-L-L/0/id.pro.es.image.master/63/aa/8b/865957911.jpg,93564134
https://img3.idealista.com/blur/WEB_DETAIL-L-L/0/id.pro.es.image.master/49/5d/dd/865957913.jpg,93564134
https://img3.idealista.com/blur/WEB_DETAIL-L-L/0/id.pro.es.image.master/14/ea/f6/865957915.jpg,93564134
https://img3.idealista.com/blur/WEB_DETAIL-L-L/0/id.pro.es.image.master/b9/c6/7f/865957871.jpg,93564134
https://img3.idealista.com/blur/WEB_DETAIL-L-L/0/id.pro.es.image.master/50/2b/2f/865957872.jpg,93564134
